,DATA_W0,DATA_W1,DATA_W2,BUS_W,DATA_T0,DATA_T1,DATA_T2,K_T,LAYER_IN_H_T,LAYER_IN_W_T,LAYER_OUT_H_T,LAYER_OUT_W_T,LAYER_IN_NUM_T,LAYER_OUT_NUM_T,SIMD_FACTOR
0,32,32,32,512,float,float,float,3,2,2,2,2,8,8,8
1,32,32,32,512,float,float,float,3,2,2,2,2,16,16,8
2,32,32,32,512,float,float,float,3,2,2,2,2,24,24,8
3,32,32,32,512,float,float,float,3,2,2,2,2,32,32,8
4,32,32,32,512,float,float,float,3,2,2,2,2,40,40,8
5,32,32,32,512,float,float,float,3,2,2,2,2,48,48,8
6,32,32,32,512,float,float,float,3,2,2,2,2,56,56,8
7,32,32,32,512,float,float,float,3,2,2,2,2,64,64,8
8,32,32,32,512,float,float,float,3,2,4,2,4,8,8,8
9,32,32,32,512,float,float,float,3,2,4,2,4,16,16,8
10,32,32,32,512,float,float,float,3,2,4,2,4,24,24,8
11,32,32,32,512,float,float,float,3,2,4,2,4,32,32,8
12,32,32,32,512,float,float,float,3,2,4,2,4,40,40,8
13,32,32,32,512,float,float,float,3,2,4,2,4,48,48,8
14,32,32,32,512,float,float,float,3,2,4,2,4,56,56,8
15,32,32,32,512,float,float,float,3,2,4,2,4,64,64,8
16,32,32,32,512,float,float,float,3,2,6,2,6,8,8,8
17,32,32,32,512,float,float,float,3,2,6,2,6,16,16,8
18,32,32,32,512,float,float,float,3,2,6,2,6,24,24,8
19,32,32,32,512,float,float,float,3,2,6,2,6,32,32,8
20,32,32,32,512,float,float,float,3,2,6,2,6,40,40,8
21,32,32,32,512,float,float,float,3,2,6,2,6,48,48,8
22,32,32,32,512,float,float,float,3,2,6,2,6,56,56,8
23,32,32,32,512,float,float,float,3,2,6,2,6,64,64,8
24,32,32,32,512,float,float,float,3,2,8,2,8,8,8,8
25,32,32,32,512,float,float,float,3,2,8,2,8,16,16,8
26,32,32,32,512,float,float,float,3,2,8,2,8,24,24,8
27,32,32,32,512,float,float,float,3,2,8,2,8,32,32,8
28,32,32,32,512,float,float,float,3,2,8,2,8,40,40,8
29,32,32,32,512,float,float,float,3,2,8,2,8,48,48,8
30,32,32,32,512,float,float,float,3,2,8,2,8,56,56,8
31,32,32,32,512,float,float,float,3,2,8,2,8,64,64,8
32,32,32,32,512,float,float,float,3,2,12,2,12,8,8,8
33,32,32,32,512,float,float,float,3,2,12,2,12,16,16,8
34,32,32,32,512,float,float,float,3,2,12,2,12,24,24,8
35,32,32,32,512,float,float,float,3,2,12,2,12,32,32,8
36,32,32,32,512,float,float,float,3,2,12,2,12,40,40,8
37,32,32,32,512,float,float,float,3,2,12,2,12,48,48,8
38,32,32,32,512,float,float,float,3,2,12,2,12,56,56,8
39,32,32,32,512,float,float,float,3,2,12,2,12,64,64,8
40,32,32,32,512,float,float,float,3,2,16,2,16,8,8,8
41,32,32,32,512,float,float,float,3,2,16,2,16,16,16,8
42,32,32,32,512,float,float,float,3,2,16,2,16,24,24,8
43,32,32,32,512,float,float,float,3,2,16,2,16,32,32,8
44,32,32,32,512,float,float,float,3,2,16,2,16,40,40,8
45,32,32,32,512,float,float,float,3,2,16,2,16,48,48,8
46,32,32,32,512,float,float,float,3,2,16,2,16,56,56,8
47,32,32,32,512,float,float,float,3,2,16,2,16,64,64,8
48,32,32,32,512,float,float,float,3,2,24,2,24,8,8,8
49,32,32,32,512,float,float,float,3,2,24,2,24,16,16,8
50,32,32,32,512,float,float,float,3,2,24,2,24,24,24,8
51,32,32,32,512,float,float,float,3,2,24,2,24,32,32,8
52,32,32,32,512,float,float,float,3,2,24,2,24,40,40,8
53,32,32,32,512,float,float,float,3,2,24,2,24,48,48,8
54,32,32,32,512,float,float,float,3,2,24,2,24,56,56,8
55,32,32,32,512,float,float,float,3,2,24,2,24,64,64,8
56,32,32,32,512,float,float,float,3,2,32,2,32,8,8,8
57,32,32,32,512,float,float,float,3,2,32,2,32,16,16,8
58,32,32,32,512,float,float,float,3,2,32,2,32,24,24,8
59,32,32,32,512,float,float,float,3,2,32,2,32,32,32,8
60,32,32,32,512,float,float,float,3,2,32,2,32,40,40,8
61,32,32,32,512,float,float,float,3,2,32,2,32,48,48,8
62,32,32,32,512,float,float,float,3,2,32,2,32,56,56,8
63,32,32,32,512,float,float,float,3,2,32,2,32,64,64,8
64,32,32,32,512,float,float,float,3,2,48,2,48,8,8,8
65,32,32,32,512,float,float,float,3,2,48,2,48,16,16,8
66,32,32,32,512,float,float,float,3,2,48,2,48,24,24,8
67,32,32,32,512,float,float,float,3,2,48,2,48,32,32,8
68,32,32,32,512,float,float,float,3,2,48,2,48,40,40,8
69,32,32,32,512,float,float,float,3,2,48,2,48,48,48,8
70,32,32,32,512,float,float,float,3,2,48,2,48,56,56,8
71,32,32,32,512,float,float,float,3,2,48,2,48,64,64,8
72,32,32,32,512,float,float,float,3,2,64,2,64,8,8,8
73,32,32,32,512,float,float,float,3,2,64,2,64,16,16,8
74,32,32,32,512,float,float,float,3,2,64,2,64,24,24,8
75,32,32,32,512,float,float,float,3,2,64,2,64,32,32,8
76,32,32,32,512,float,float,float,3,2,64,2,64,40,40,8
77,32,32,32,512,float,float,float,3,2,64,2,64,48,48,8
78,32,32,32,512,float,float,float,3,2,64,2,64,56,56,8
79,32,32,32,512,float,float,float,3,2,64,2,64,64,64,8
80,32,32,32,512,float,float,float,3,2,96,2,96,8,8,8
81,32,32,32,512,float,float,float,3,2,96,2,96,16,16,8
82,32,32,32,512,float,float,float,3,2,96,2,96,24,24,8
83,32,32,32,512,float,float,float,3,2,96,2,96,32,32,8
84,32,32,32,512,float,float,float,3,2,96,2,96,40,40,8
85,32,32,32,512,float,float,float,3,2,96,2,96,48,48,8
86,32,32,32,512,float,float,float,3,2,96,2,96,56,56,8
87,32,32,32,512,float,float,float,3,2,96,2,96,64,64,8
88,32,32,32,512,float,float,float,3,4,2,4,2,8,8,8
89,32,32,32,512,float,float,float,3,4,2,4,2,16,16,8
90,32,32,32,512,float,float,float,3,4,2,4,2,24,24,8
91,32,32,32,512,float,float,float,3,4,2,4,2,32,32,8
92,32,32,32,512,float,float,float,3,4,2,4,2,40,40,8
93,32,32,32,512,float,float,float,3,4,2,4,2,48,48,8
94,32,32,32,512,float,float,float,3,4,2,4,2,56,56,8
95,32,32,32,512,float,float,float,3,4,2,4,2,64,64,8
96,32,32,32,512,float,float,float,3,4,4,4,4,8,8,8
97,32,32,32,512,float,float,float,3,4,4,4,4,16,16,8
98,32,32,32,512,float,float,float,3,4,4,4,4,24,24,8
99,32,32,32,512,float,float,float,3,4,4,4,4,32,32,8
100,32,32,32,512,float,float,float,3,4,4,4,4,40,40,8
101,32,32,32,512,float,float,float,3,4,4,4,4,48,48,8
102,32,32,32,512,float,float,float,3,4,4,4,4,56,56,8
103,32,32,32,512,float,float,float,3,4,4,4,4,64,64,8
104,32,32,32,512,float,float,float,3,4,6,4,6,8,8,8
105,32,32,32,512,float,float,float,3,4,6,4,6,16,16,8
106,32,32,32,512,float,float,float,3,4,6,4,6,24,24,8
107,32,32,32,512,float,float,float,3,4,6,4,6,32,32,8
108,32,32,32,512,float,float,float,3,4,6,4,6,40,40,8
109,32,32,32,512,float,float,float,3,4,6,4,6,48,48,8
110,32,32,32,512,float,float,float,3,4,6,4,6,56,56,8
111,32,32,32,512,float,float,float,3,4,6,4,6,64,64,8
112,32,32,32,512,float,float,float,3,4,8,4,8,8,8,8
113,32,32,32,512,float,float,float,3,4,8,4,8,16,16,8
114,32,32,32,512,float,float,float,3,4,8,4,8,24,24,8
115,32,32,32,512,float,float,float,3,4,8,4,8,32,32,8
116,32,32,32,512,float,float,float,3,4,8,4,8,40,40,8
117,32,32,32,512,float,float,float,3,4,8,4,8,48,48,8
118,32,32,32,512,float,float,float,3,4,8,4,8,56,56,8
119,32,32,32,512,float,float,float,3,4,8,4,8,64,64,8
120,32,32,32,512,float,float,float,3,4,12,4,12,8,8,8
121,32,32,32,512,float,float,float,3,4,12,4,12,16,16,8
122,32,32,32,512,float,float,float,3,4,12,4,12,24,24,8
123,32,32,32,512,float,float,float,3,4,12,4,12,32,32,8
124,32,32,32,512,float,float,float,3,4,12,4,12,40,40,8
125,32,32,32,512,float,float,float,3,4,12,4,12,48,48,8
126,32,32,32,512,float,float,float,3,4,12,4,12,56,56,8
127,32,32,32,512,float,float,float,3,4,12,4,12,64,64,8
128,32,32,32,512,float,float,float,3,4,16,4,16,8,8,8
129,32,32,32,512,float,float,float,3,4,16,4,16,16,16,8
130,32,32,32,512,float,float,float,3,4,16,4,16,24,24,8
131,32,32,32,512,float,float,float,3,4,16,4,16,32,32,8
132,32,32,32,512,float,float,float,3,4,16,4,16,40,40,8
133,32,32,32,512,float,float,float,3,4,16,4,16,48,48,8
134,32,32,32,512,float,float,float,3,4,16,4,16,56,56,8
135,32,32,32,512,float,float,float,3,4,16,4,16,64,64,8
136,32,32,32,512,float,float,float,3,4,24,4,24,8,8,8
137,32,32,32,512,float,float,float,3,4,24,4,24,16,16,8
138,32,32,32,512,float,float,float,3,4,24,4,24,24,24,8
139,32,32,32,512,float,float,float,3,4,24,4,24,32,32,8
140,32,32,32,512,float,float,float,3,4,24,4,24,40,40,8
141,32,32,32,512,float,float,float,3,4,24,4,24,48,48,8
142,32,32,32,512,float,float,float,3,4,24,4,24,56,56,8
143,32,32,32,512,float,float,float,3,4,24,4,24,64,64,8
144,32,32,32,512,float,float,float,3,4,32,4,32,8,8,8
145,32,32,32,512,float,float,float,3,4,32,4,32,16,16,8
146,32,32,32,512,float,float,float,3,4,32,4,32,24,24,8
147,32,32,32,512,float,float,float,3,4,32,4,32,32,32,8
148,32,32,32,512,float,float,float,3,4,32,4,32,40,40,8
149,32,32,32,512,float,float,float,3,4,32,4,32,48,48,8
150,32,32,32,512,float,float,float,3,4,32,4,32,56,56,8
151,32,32,32,512,float,float,float,3,4,32,4,32,64,64,8
152,32,32,32,512,float,float,float,3,4,48,4,48,8,8,8
153,32,32,32,512,float,float,float,3,4,48,4,48,16,16,8
154,32,32,32,512,float,float,float,3,4,48,4,48,24,24,8
155,32,32,32,512,float,float,float,3,4,48,4,48,32,32,8
156,32,32,32,512,float,float,float,3,4,48,4,48,40,40,8
157,32,32,32,512,float,float,float,3,4,48,4,48,48,48,8
158,32,32,32,512,float,float,float,3,4,48,4,48,56,56,8
159,32,32,32,512,float,float,float,3,4,48,4,48,64,64,8
160,32,32,32,512,float,float,float,3,4,64,4,64,8,8,8
161,32,32,32,512,float,float,float,3,4,64,4,64,16,16,8
162,32,32,32,512,float,float,float,3,4,64,4,64,24,24,8
163,32,32,32,512,float,float,float,3,4,64,4,64,32,32,8
164,32,32,32,512,float,float,float,3,4,64,4,64,40,40,8
165,32,32,32,512,float,float,float,3,4,64,4,64,48,48,8
166,32,32,32,512,float,float,float,3,4,64,4,64,56,56,8
167,32,32,32,512,float,float,float,3,4,64,4,64,64,64,8
168,32,32,32,512,float,float,float,3,4,96,4,96,8,8,8
169,32,32,32,512,float,float,float,3,4,96,4,96,16,16,8
170,32,32,32,512,float,float,float,3,4,96,4,96,24,24,8
171,32,32,32,512,float,float,float,3,4,96,4,96,32,32,8
172,32,32,32,512,float,float,float,3,4,96,4,96,40,40,8
173,32,32,32,512,float,float,float,3,4,96,4,96,48,48,8
174,32,32,32,512,float,float,float,3,4,96,4,96,56,56,8
175,32,32,32,512,float,float,float,3,4,96,4,96,64,64,8
176,32,32,32,512,float,float,float,3,6,2,6,2,8,8,8
177,32,32,32,512,float,float,float,3,6,2,6,2,16,16,8
178,32,32,32,512,float,float,float,3,6,2,6,2,24,24,8
179,32,32,32,512,float,float,float,3,6,2,6,2,32,32,8
180,32,32,32,512,float,float,float,3,6,2,6,2,40,40,8
181,32,32,32,512,float,float,float,3,6,2,6,2,48,48,8
182,32,32,32,512,float,float,float,3,6,2,6,2,56,56,8
183,32,32,32,512,float,float,float,3,6,2,6,2,64,64,8
184,32,32,32,512,float,float,float,3,6,4,6,4,8,8,8
185,32,32,32,512,float,float,float,3,6,4,6,4,16,16,8
186,32,32,32,512,float,float,float,3,6,4,6,4,24,24,8
187,32,32,32,512,float,float,float,3,6,4,6,4,32,32,8
188,32,32,32,512,float,float,float,3,6,4,6,4,40,40,8
189,32,32,32,512,float,float,float,3,6,4,6,4,48,48,8
190,32,32,32,512,float,float,float,3,6,4,6,4,56,56,8
191,32,32,32,512,float,float,float,3,6,4,6,4,64,64,8
192,32,32,32,512,float,float,float,3,6,6,6,6,8,8,8
193,32,32,32,512,float,float,float,3,6,6,6,6,16,16,8
194,32,32,32,512,float,float,float,3,6,6,6,6,24,24,8
195,32,32,32,512,float,float,float,3,6,6,6,6,32,32,8
196,32,32,32,512,float,float,float,3,6,6,6,6,40,40,8
197,32,32,32,512,float,float,float,3,6,6,6,6,48,48,8
198,32,32,32,512,float,float,float,3,6,6,6,6,56,56,8
199,32,32,32,512,float,float,float,3,6,6,6,6,64,64,8
200,32,32,32,512,float,float,float,3,6,8,6,8,8,8,8
201,32,32,32,512,float,float,float,3,6,8,6,8,16,16,8
202,32,32,32,512,float,float,float,3,6,8,6,8,24,24,8
203,32,32,32,512,float,float,float,3,6,8,6,8,32,32,8
204,32,32,32,512,float,float,float,3,6,8,6,8,40,40,8
205,32,32,32,512,float,float,float,3,6,8,6,8,48,48,8
206,32,32,32,512,float,float,float,3,6,8,6,8,56,56,8
207,32,32,32,512,float,float,float,3,6,8,6,8,64,64,8
208,32,32,32,512,float,float,float,3,6,12,6,12,8,8,8
209,32,32,32,512,float,float,float,3,6,12,6,12,16,16,8
210,32,32,32,512,float,float,float,3,6,12,6,12,24,24,8
211,32,32,32,512,float,float,float,3,6,12,6,12,32,32,8
212,32,32,32,512,float,float,float,3,6,12,6,12,40,40,8
213,32,32,32,512,float,float,float,3,6,12,6,12,48,48,8
214,32,32,32,512,float,float,float,3,6,12,6,12,56,56,8
215,32,32,32,512,float,float,float,3,6,12,6,12,64,64,8
216,32,32,32,512,float,float,float,3,6,16,6,16,8,8,8
217,32,32,32,512,float,float,float,3,6,16,6,16,16,16,8
218,32,32,32,512,float,float,float,3,6,16,6,16,24,24,8
219,32,32,32,512,float,float,float,3,6,16,6,16,32,32,8
220,32,32,32,512,float,float,float,3,6,16,6,16,40,40,8
221,32,32,32,512,float,float,float,3,6,16,6,16,48,48,8
222,32,32,32,512,float,float,float,3,6,16,6,16,56,56,8
223,32,32,32,512,float,float,float,3,6,16,6,16,64,64,8
224,32,32,32,512,float,float,float,3,6,24,6,24,8,8,8
225,32,32,32,512,float,float,float,3,6,24,6,24,16,16,8
226,32,32,32,512,float,float,float,3,6,24,6,24,24,24,8
227,32,32,32,512,float,float,float,3,6,24,6,24,32,32,8
228,32,32,32,512,float,float,float,3,6,24,6,24,40,40,8
229,32,32,32,512,float,float,float,3,6,24,6,24,48,48,8
230,32,32,32,512,float,float,float,3,6,24,6,24,56,56,8
231,32,32,32,512,float,float,float,3,6,24,6,24,64,64,8
232,32,32,32,512,float,float,float,3,6,32,6,32,8,8,8
233,32,32,32,512,float,float,float,3,6,32,6,32,16,16,8
234,32,32,32,512,float,float,float,3,6,32,6,32,24,24,8
235,32,32,32,512,float,float,float,3,6,32,6,32,32,32,8
236,32,32,32,512,float,float,float,3,6,32,6,32,40,40,8
237,32,32,32,512,float,float,float,3,6,32,6,32,48,48,8
238,32,32,32,512,float,float,float,3,6,32,6,32,56,56,8
239,32,32,32,512,float,float,float,3,6,32,6,32,64,64,8
240,32,32,32,512,float,float,float,3,6,48,6,48,8,8,8
241,32,32,32,512,float,float,float,3,6,48,6,48,16,16,8
242,32,32,32,512,float,float,float,3,6,48,6,48,24,24,8
243,32,32,32,512,float,float,float,3,6,48,6,48,32,32,8
244,32,32,32,512,float,float,float,3,6,48,6,48,40,40,8
245,32,32,32,512,float,float,float,3,6,48,6,48,48,48,8
246,32,32,32,512,float,float,float,3,6,48,6,48,56,56,8
247,32,32,32,512,float,float,float,3,6,48,6,48,64,64,8
248,32,32,32,512,float,float,float,3,6,64,6,64,8,8,8
249,32,32,32,512,float,float,float,3,6,64,6,64,16,16,8
250,32,32,32,512,float,float,float,3,6,64,6,64,24,24,8
251,32,32,32,512,float,float,float,3,6,64,6,64,32,32,8
252,32,32,32,512,float,float,float,3,6,64,6,64,40,40,8
253,32,32,32,512,float,float,float,3,6,64,6,64,48,48,8
254,32,32,32,512,float,float,float,3,6,64,6,64,56,56,8
255,32,32,32,512,float,float,float,3,6,64,6,64,64,64,8
256,32,32,32,512,float,float,float,3,6,96,6,96,8,8,8
257,32,32,32,512,float,float,float,3,6,96,6,96,16,16,8
258,32,32,32,512,float,float,float,3,6,96,6,96,24,24,8
259,32,32,32,512,float,float,float,3,6,96,6,96,32,32,8
260,32,32,32,512,float,float,float,3,6,96,6,96,40,40,8
261,32,32,32,512,float,float,float,3,6,96,6,96,48,48,8
262,32,32,32,512,float,float,float,3,6,96,6,96,56,56,8
263,32,32,32,512,float,float,float,3,6,96,6,96,64,64,8
264,32,32,32,512,float,float,float,3,8,2,8,2,8,8,8
265,32,32,32,512,float,float,float,3,8,2,8,2,16,16,8
266,32,32,32,512,float,float,float,3,8,2,8,2,24,24,8
267,32,32,32,512,float,float,float,3,8,2,8,2,32,32,8
268,32,32,32,512,float,float,float,3,8,2,8,2,40,40,8
269,32,32,32,512,float,float,float,3,8,2,8,2,48,48,8
270,32,32,32,512,float,float,float,3,8,2,8,2,56,56,8
271,32,32,32,512,float,float,float,3,8,2,8,2,64,64,8
272,32,32,32,512,float,float,float,3,8,4,8,4,8,8,8
273,32,32,32,512,float,float,float,3,8,4,8,4,16,16,8
274,32,32,32,512,float,float,float,3,8,4,8,4,24,24,8
275,32,32,32,512,float,float,float,3,8,4,8,4,32,32,8
276,32,32,32,512,float,float,float,3,8,4,8,4,40,40,8
277,32,32,32,512,float,float,float,3,8,4,8,4,48,48,8
278,32,32,32,512,float,float,float,3,8,4,8,4,56,56,8
279,32,32,32,512,float,float,float,3,8,4,8,4,64,64,8
280,32,32,32,512,float,float,float,3,8,6,8,6,8,8,8
281,32,32,32,512,float,float,float,3,8,6,8,6,16,16,8
282,32,32,32,512,float,float,float,3,8,6,8,6,24,24,8
283,32,32,32,512,float,float,float,3,8,6,8,6,32,32,8
284,32,32,32,512,float,float,float,3,8,6,8,6,40,40,8
285,32,32,32,512,float,float,float,3,8,6,8,6,48,48,8
286,32,32,32,512,float,float,float,3,8,6,8,6,56,56,8
287,32,32,32,512,float,float,float,3,8,6,8,6,64,64,8
288,32,32,32,512,float,float,float,3,8,8,8,8,8,8,8
289,32,32,32,512,float,float,float,3,8,8,8,8,16,16,8
290,32,32,32,512,float,float,float,3,8,8,8,8,24,24,8
291,32,32,32,512,float,float,float,3,8,8,8,8,32,32,8
292,32,32,32,512,float,float,float,3,8,8,8,8,40,40,8
293,32,32,32,512,float,float,float,3,8,8,8,8,48,48,8
294,32,32,32,512,float,float,float,3,8,8,8,8,56,56,8
295,32,32,32,512,float,float,float,3,8,8,8,8,64,64,8
296,32,32,32,512,float,float,float,3,8,12,8,12,8,8,8
297,32,32,32,512,float,float,float,3,8,12,8,12,16,16,8
298,32,32,32,512,float,float,float,3,8,12,8,12,24,24,8
299,32,32,32,512,float,float,float,3,8,12,8,12,32,32,8
300,32,32,32,512,float,float,float,3,8,12,8,12,40,40,8
301,32,32,32,512,float,float,float,3,8,12,8,12,48,48,8
302,32,32,32,512,float,float,float,3,8,12,8,12,56,56,8
303,32,32,32,512,float,float,float,3,8,12,8,12,64,64,8
304,32,32,32,512,float,float,float,3,8,16,8,16,8,8,8
305,32,32,32,512,float,float,float,3,8,16,8,16,16,16,8
306,32,32,32,512,float,float,float,3,8,16,8,16,24,24,8
307,32,32,32,512,float,float,float,3,8,16,8,16,32,32,8
308,32,32,32,512,float,float,float,3,8,16,8,16,40,40,8
309,32,32,32,512,float,float,float,3,8,16,8,16,48,48,8
310,32,32,32,512,float,float,float,3,8,16,8,16,56,56,8
311,32,32,32,512,float,float,float,3,8,16,8,16,64,64,8
312,32,32,32,512,float,float,float,3,8,24,8,24,8,8,8
313,32,32,32,512,float,float,float,3,8,24,8,24,16,16,8
314,32,32,32,512,float,float,float,3,8,24,8,24,24,24,8
315,32,32,32,512,float,float,float,3,8,24,8,24,32,32,8
316,32,32,32,512,float,float,float,3,8,24,8,24,40,40,8
317,32,32,32,512,float,float,float,3,8,24,8,24,48,48,8
318,32,32,32,512,float,float,float,3,8,24,8,24,56,56,8
319,32,32,32,512,float,float,float,3,8,24,8,24,64,64,8
320,32,32,32,512,float,float,float,3,8,32,8,32,8,8,8
321,32,32,32,512,float,float,float,3,8,32,8,32,16,16,8
322,32,32,32,512,float,float,float,3,8,32,8,32,24,24,8
323,32,32,32,512,float,float,float,3,8,32,8,32,32,32,8
324,32,32,32,512,float,float,float,3,8,32,8,32,40,40,8
325,32,32,32,512,float,float,float,3,8,32,8,32,48,48,8
326,32,32,32,512,float,float,float,3,8,32,8,32,56,56,8
327,32,32,32,512,float,float,float,3,8,32,8,32,64,64,8
328,32,32,32,512,float,float,float,3,8,48,8,48,8,8,8
329,32,32,32,512,float,float,float,3,8,48,8,48,16,16,8
330,32,32,32,512,float,float,float,3,8,48,8,48,24,24,8
331,32,32,32,512,float,float,float,3,8,48,8,48,32,32,8
332,32,32,32,512,float,float,float,3,8,48,8,48,40,40,8
333,32,32,32,512,float,float,float,3,8,48,8,48,48,48,8
334,32,32,32,512,float,float,float,3,8,48,8,48,56,56,8
335,32,32,32,512,float,float,float,3,8,48,8,48,64,64,8
336,32,32,32,512,float,float,float,3,8,64,8,64,8,8,8
337,32,32,32,512,float,float,float,3,8,64,8,64,16,16,8
338,32,32,32,512,float,float,float,3,8,64,8,64,24,24,8
339,32,32,32,512,float,float,float,3,8,64,8,64,32,32,8
340,32,32,32,512,float,float,float,3,8,64,8,64,40,40,8
341,32,32,32,512,float,float,float,3,8,64,8,64,48,48,8
342,32,32,32,512,float,float,float,3,8,64,8,64,56,56,8
343,32,32,32,512,float,float,float,3,8,64,8,64,64,64,8
344,32,32,32,512,float,float,float,3,8,96,8,96,8,8,8
345,32,32,32,512,float,float,float,3,8,96,8,96,16,16,8
346,32,32,32,512,float,float,float,3,8,96,8,96,24,24,8
347,32,32,32,512,float,float,float,3,8,96,8,96,32,32,8
348,32,32,32,512,float,float,float,3,8,96,8,96,40,40,8
349,32,32,32,512,float,float,float,3,8,96,8,96,48,48,8
350,32,32,32,512,float,float,float,3,8,96,8,96,56,56,8
351,32,32,32,512,float,float,float,3,8,96,8,96,64,64,8
352,32,32,32,512,float,float,float,3,12,2,12,2,8,8,8
353,32,32,32,512,float,float,float,3,12,2,12,2,16,16,8
354,32,32,32,512,float,float,float,3,12,2,12,2,24,24,8
355,32,32,32,512,float,float,float,3,12,2,12,2,32,32,8
356,32,32,32,512,float,float,float,3,12,2,12,2,40,40,8
357,32,32,32,512,float,float,float,3,12,2,12,2,48,48,8
358,32,32,32,512,float,float,float,3,12,2,12,2,56,56,8
359,32,32,32,512,float,float,float,3,12,2,12,2,64,64,8
360,32,32,32,512,float,float,float,3,12,4,12,4,8,8,8
361,32,32,32,512,float,float,float,3,12,4,12,4,16,16,8
362,32,32,32,512,float,float,float,3,12,4,12,4,24,24,8
363,32,32,32,512,float,float,float,3,12,4,12,4,32,32,8
364,32,32,32,512,float,float,float,3,12,4,12,4,40,40,8
365,32,32,32,512,float,float,float,3,12,4,12,4,48,48,8
366,32,32,32,512,float,float,float,3,12,4,12,4,56,56,8
367,32,32,32,512,float,float,float,3,12,4,12,4,64,64,8
368,32,32,32,512,float,float,float,3,12,6,12,6,8,8,8
369,32,32,32,512,float,float,float,3,12,6,12,6,16,16,8
370,32,32,32,512,float,float,float,3,12,6,12,6,24,24,8
371,32,32,32,512,float,float,float,3,12,6,12,6,32,32,8
372,32,32,32,512,float,float,float,3,12,6,12,6,40,40,8
373,32,32,32,512,float,float,float,3,12,6,12,6,48,48,8
374,32,32,32,512,float,float,float,3,12,6,12,6,56,56,8
375,32,32,32,512,float,float,float,3,12,6,12,6,64,64,8
376,32,32,32,512,float,float,float,3,12,8,12,8,8,8,8
377,32,32,32,512,float,float,float,3,12,8,12,8,16,16,8
378,32,32,32,512,float,float,float,3,12,8,12,8,24,24,8
379,32,32,32,512,float,float,float,3,12,8,12,8,32,32,8
380,32,32,32,512,float,float,float,3,12,8,12,8,40,40,8
381,32,32,32,512,float,float,float,3,12,8,12,8,48,48,8
382,32,32,32,512,float,float,float,3,12,8,12,8,56,56,8
383,32,32,32,512,float,float,float,3,12,8,12,8,64,64,8
384,32,32,32,512,float,float,float,3,12,12,12,12,8,8,8
385,32,32,32,512,float,float,float,3,12,12,12,12,16,16,8
386,32,32,32,512,float,float,float,3,12,12,12,12,24,24,8
387,32,32,32,512,float,float,float,3,12,12,12,12,32,32,8
388,32,32,32,512,float,float,float,3,12,12,12,12,40,40,8
389,32,32,32,512,float,float,float,3,12,12,12,12,48,48,8
390,32,32,32,512,float,float,float,3,12,12,12,12,56,56,8
391,32,32,32,512,float,float,float,3,12,12,12,12,64,64,8
392,32,32,32,512,float,float,float,3,12,16,12,16,8,8,8
393,32,32,32,512,float,float,float,3,12,16,12,16,16,16,8
394,32,32,32,512,float,float,float,3,12,16,12,16,24,24,8
395,32,32,32,512,float,float,float,3,12,16,12,16,32,32,8
396,32,32,32,512,float,float,float,3,12,16,12,16,40,40,8
397,32,32,32,512,float,float,float,3,12,16,12,16,48,48,8
398,32,32,32,512,float,float,float,3,12,16,12,16,56,56,8
399,32,32,32,512,float,float,float,3,12,16,12,16,64,64,8
400,32,32,32,512,float,float,float,3,12,24,12,24,8,8,8
401,32,32,32,512,float,float,float,3,12,24,12,24,16,16,8
402,32,32,32,512,float,float,float,3,12,24,12,24,24,24,8
403,32,32,32,512,float,float,float,3,12,24,12,24,32,32,8
404,32,32,32,512,float,float,float,3,12,24,12,24,40,40,8
405,32,32,32,512,float,float,float,3,12,24,12,24,48,48,8
406,32,32,32,512,float,float,float,3,12,24,12,24,56,56,8
407,32,32,32,512,float,float,float,3,12,24,12,24,64,64,8
408,32,32,32,512,float,float,float,3,12,32,12,32,8,8,8
409,32,32,32,512,float,float,float,3,12,32,12,32,16,16,8
410,32,32,32,512,float,float,float,3,12,32,12,32,24,24,8
411,32,32,32,512,float,float,float,3,12,32,12,32,32,32,8
412,32,32,32,512,float,float,float,3,12,32,12,32,40,40,8
413,32,32,32,512,float,float,float,3,12,32,12,32,48,48,8
414,32,32,32,512,float,float,float,3,12,32,12,32,56,56,8
415,32,32,32,512,float,float,float,3,12,32,12,32,64,64,8
416,32,32,32,512,float,float,float,3,12,48,12,48,8,8,8
417,32,32,32,512,float,float,float,3,12,48,12,48,16,16,8
418,32,32,32,512,float,float,float,3,12,48,12,48,24,24,8
419,32,32,32,512,float,float,float,3,12,48,12,48,32,32,8
420,32,32,32,512,float,float,float,3,12,48,12,48,40,40,8
421,32,32,32,512,float,float,float,3,12,48,12,48,48,48,8
422,32,32,32,512,float,float,float,3,12,48,12,48,56,56,8
423,32,32,32,512,float,float,float,3,12,48,12,48,64,64,8
424,32,32,32,512,float,float,float,3,12,64,12,64,8,8,8
425,32,32,32,512,float,float,float,3,12,64,12,64,16,16,8
426,32,32,32,512,float,float,float,3,12,64,12,64,24,24,8
427,32,32,32,512,float,float,float,3,12,64,12,64,32,32,8
428,32,32,32,512,float,float,float,3,12,64,12,64,40,40,8
429,32,32,32,512,float,float,float,3,12,64,12,64,48,48,8
430,32,32,32,512,float,float,float,3,12,64,12,64,56,56,8
431,32,32,32,512,float,float,float,3,12,64,12,64,64,64,8
432,32,32,32,512,float,float,float,3,12,96,12,96,8,8,8
433,32,32,32,512,float,float,float,3,12,96,12,96,16,16,8
434,32,32,32,512,float,float,float,3,12,96,12,96,24,24,8
435,32,32,32,512,float,float,float,3,12,96,12,96,32,32,8
436,32,32,32,512,float,float,float,3,12,96,12,96,40,40,8
437,32,32,32,512,float,float,float,3,12,96,12,96,48,48,8
438,32,32,32,512,float,float,float,3,12,96,12,96,56,56,8
439,32,32,32,512,float,float,float,3,12,96,12,96,64,64,8
440,32,32,32,512,float,float,float,3,16,2,16,2,8,8,8
441,32,32,32,512,float,float,float,3,16,2,16,2,16,16,8
442,32,32,32,512,float,float,float,3,16,2,16,2,24,24,8
443,32,32,32,512,float,float,float,3,16,2,16,2,32,32,8
444,32,32,32,512,float,float,float,3,16,2,16,2,40,40,8
445,32,32,32,512,float,float,float,3,16,2,16,2,48,48,8
446,32,32,32,512,float,float,float,3,16,2,16,2,56,56,8
447,32,32,32,512,float,float,float,3,16,2,16,2,64,64,8
448,32,32,32,512,float,float,float,3,16,4,16,4,8,8,8
449,32,32,32,512,float,float,float,3,16,4,16,4,16,16,8
450,32,32,32,512,float,float,float,3,16,4,16,4,24,24,8
451,32,32,32,512,float,float,float,3,16,4,16,4,32,32,8
452,32,32,32,512,float,float,float,3,16,4,16,4,40,40,8
453,32,32,32,512,float,float,float,3,16,4,16,4,48,48,8
454,32,32,32,512,float,float,float,3,16,4,16,4,56,56,8
455,32,32,32,512,float,float,float,3,16,4,16,4,64,64,8
456,32,32,32,512,float,float,float,3,16,6,16,6,8,8,8
457,32,32,32,512,float,float,float,3,16,6,16,6,16,16,8
458,32,32,32,512,float,float,float,3,16,6,16,6,24,24,8
459,32,32,32,512,float,float,float,3,16,6,16,6,32,32,8
460,32,32,32,512,float,float,float,3,16,6,16,6,40,40,8
461,32,32,32,512,float,float,float,3,16,6,16,6,48,48,8
462,32,32,32,512,float,float,float,3,16,6,16,6,56,56,8
463,32,32,32,512,float,float,float,3,16,6,16,6,64,64,8
464,32,32,32,512,float,float,float,3,16,8,16,8,8,8,8
465,32,32,32,512,float,float,float,3,16,8,16,8,16,16,8
466,32,32,32,512,float,float,float,3,16,8,16,8,24,24,8
467,32,32,32,512,float,float,float,3,16,8,16,8,32,32,8
468,32,32,32,512,float,float,float,3,16,8,16,8,40,40,8
469,32,32,32,512,float,float,float,3,16,8,16,8,48,48,8
470,32,32,32,512,float,float,float,3,16,8,16,8,56,56,8
471,32,32,32,512,float,float,float,3,16,8,16,8,64,64,8
472,32,32,32,512,float,float,float,3,16,12,16,12,8,8,8
473,32,32,32,512,float,float,float,3,16,12,16,12,16,16,8
474,32,32,32,512,float,float,float,3,16,12,16,12,24,24,8
475,32,32,32,512,float,float,float,3,16,12,16,12,32,32,8
476,32,32,32,512,float,float,float,3,16,12,16,12,40,40,8
477,32,32,32,512,float,float,float,3,16,12,16,12,48,48,8
478,32,32,32,512,float,float,float,3,16,12,16,12,56,56,8
479,32,32,32,512,float,float,float,3,16,12,16,12,64,64,8
480,32,32,32,512,float,float,float,3,16,16,16,16,8,8,8
481,32,32,32,512,float,float,float,3,16,16,16,16,16,16,8
482,32,32,32,512,float,float,float,3,16,16,16,16,24,24,8
483,32,32,32,512,float,float,float,3,16,16,16,16,32,32,8
484,32,32,32,512,float,float,float,3,16,16,16,16,40,40,8
485,32,32,32,512,float,float,float,3,16,16,16,16,48,48,8
486,32,32,32,512,float,float,float,3,16,16,16,16,56,56,8
487,32,32,32,512,float,float,float,3,16,16,16,16,64,64,8
488,32,32,32,512,float,float,float,3,16,24,16,24,8,8,8
489,32,32,32,512,float,float,float,3,16,24,16,24,16,16,8
490,32,32,32,512,float,float,float,3,16,24,16,24,24,24,8
491,32,32,32,512,float,float,float,3,16,24,16,24,32,32,8
492,32,32,32,512,float,float,float,3,16,24,16,24,40,40,8
493,32,32,32,512,float,float,float,3,16,24,16,24,48,48,8
494,32,32,32,512,float,float,float,3,16,24,16,24,56,56,8
495,32,32,32,512,float,float,float,3,16,24,16,24,64,64,8
496,32,32,32,512,float,float,float,3,16,32,16,32,8,8,8
497,32,32,32,512,float,float,float,3,16,32,16,32,16,16,8
498,32,32,32,512,float,float,float,3,16,32,16,32,24,24,8
499,32,32,32,512,float,float,float,3,16,32,16,32,32,32,8
500,32,32,32,512,float,float,float,3,16,32,16,32,40,40,8
501,32,32,32,512,float,float,float,3,16,32,16,32,48,48,8
502,32,32,32,512,float,float,float,3,16,32,16,32,56,56,8
503,32,32,32,512,float,float,float,3,16,32,16,32,64,64,8
504,32,32,32,512,float,float,float,3,16,48,16,48,8,8,8
505,32,32,32,512,float,float,float,3,16,48,16,48,16,16,8
506,32,32,32,512,float,float,float,3,16,48,16,48,24,24,8
507,32,32,32,512,float,float,float,3,16,48,16,48,32,32,8
508,32,32,32,512,float,float,float,3,16,48,16,48,40,40,8
509,32,32,32,512,float,float,float,3,16,48,16,48,48,48,8
510,32,32,32,512,float,float,float,3,16,48,16,48,56,56,8
511,32,32,32,512,float,float,float,3,16,48,16,48,64,64,8
512,32,32,32,512,float,float,float,3,16,64,16,64,8,8,8
513,32,32,32,512,float,float,float,3,16,64,16,64,16,16,8
514,32,32,32,512,float,float,float,3,16,64,16,64,24,24,8
515,32,32,32,512,float,float,float,3,16,64,16,64,32,32,8
516,32,32,32,512,float,float,float,3,16,64,16,64,40,40,8
517,32,32,32,512,float,float,float,3,16,64,16,64,48,48,8
518,32,32,32,512,float,float,float,3,16,64,16,64,56,56,8
519,32,32,32,512,float,float,float,3,16,64,16,64,64,64,8
520,32,32,32,512,float,float,float,3,16,96,16,96,8,8,8
521,32,32,32,512,float,float,float,3,16,96,16,96,16,16,8
522,32,32,32,512,float,float,float,3,16,96,16,96,24,24,8
523,32,32,32,512,float,float,float,3,16,96,16,96,32,32,8
524,32,32,32,512,float,float,float,3,16,96,16,96,40,40,8
525,32,32,32,512,float,float,float,3,16,96,16,96,48,48,8
526,32,32,32,512,float,float,float,3,16,96,16,96,56,56,8
527,32,32,32,512,float,float,float,3,16,96,16,96,64,64,8
528,32,32,32,512,float,float,float,3,24,2,24,2,8,8,8
529,32,32,32,512,float,float,float,3,24,2,24,2,16,16,8
530,32,32,32,512,float,float,float,3,24,2,24,2,24,24,8
531,32,32,32,512,float,float,float,3,24,2,24,2,32,32,8
532,32,32,32,512,float,float,float,3,24,2,24,2,40,40,8
533,32,32,32,512,float,float,float,3,24,2,24,2,48,48,8
534,32,32,32,512,float,float,float,3,24,2,24,2,56,56,8
535,32,32,32,512,float,float,float,3,24,2,24,2,64,64,8
536,32,32,32,512,float,float,float,3,24,4,24,4,8,8,8
537,32,32,32,512,float,float,float,3,24,4,24,4,16,16,8
538,32,32,32,512,float,float,float,3,24,4,24,4,24,24,8
539,32,32,32,512,float,float,float,3,24,4,24,4,32,32,8
540,32,32,32,512,float,float,float,3,24,4,24,4,40,40,8
541,32,32,32,512,float,float,float,3,24,4,24,4,48,48,8
542,32,32,32,512,float,float,float,3,24,4,24,4,56,56,8
543,32,32,32,512,float,float,float,3,24,4,24,4,64,64,8
544,32,32,32,512,float,float,float,3,24,6,24,6,8,8,8
545,32,32,32,512,float,float,float,3,24,6,24,6,16,16,8
546,32,32,32,512,float,float,float,3,24,6,24,6,24,24,8
547,32,32,32,512,float,float,float,3,24,6,24,6,32,32,8
548,32,32,32,512,float,float,float,3,24,6,24,6,40,40,8
549,32,32,32,512,float,float,float,3,24,6,24,6,48,48,8
550,32,32,32,512,float,float,float,3,24,6,24,6,56,56,8
551,32,32,32,512,float,float,float,3,24,6,24,6,64,64,8
552,32,32,32,512,float,float,float,3,24,8,24,8,8,8,8
553,32,32,32,512,float,float,float,3,24,8,24,8,16,16,8
554,32,32,32,512,float,float,float,3,24,8,24,8,24,24,8
555,32,32,32,512,float,float,float,3,24,8,24,8,32,32,8
556,32,32,32,512,float,float,float,3,24,8,24,8,40,40,8
557,32,32,32,512,float,float,float,3,24,8,24,8,48,48,8
558,32,32,32,512,float,float,float,3,24,8,24,8,56,56,8
559,32,32,32,512,float,float,float,3,24,8,24,8,64,64,8
560,32,32,32,512,float,float,float,3,24,12,24,12,8,8,8
561,32,32,32,512,float,float,float,3,24,12,24,12,16,16,8
562,32,32,32,512,float,float,float,3,24,12,24,12,24,24,8
563,32,32,32,512,float,float,float,3,24,12,24,12,32,32,8
564,32,32,32,512,float,float,float,3,24,12,24,12,40,40,8
565,32,32,32,512,float,float,float,3,24,12,24,12,48,48,8
566,32,32,32,512,float,float,float,3,24,12,24,12,56,56,8
567,32,32,32,512,float,float,float,3,24,12,24,12,64,64,8
568,32,32,32,512,float,float,float,3,24,16,24,16,8,8,8
569,32,32,32,512,float,float,float,3,24,16,24,16,16,16,8
570,32,32,32,512,float,float,float,3,24,16,24,16,24,24,8
571,32,32,32,512,float,float,float,3,24,16,24,16,32,32,8
572,32,32,32,512,float,float,float,3,24,16,24,16,40,40,8
573,32,32,32,512,float,float,float,3,24,16,24,16,48,48,8
574,32,32,32,512,float,float,float,3,24,16,24,16,56,56,8
575,32,32,32,512,float,float,float,3,24,16,24,16,64,64,8
576,32,32,32,512,float,float,float,3,24,24,24,24,8,8,8
577,32,32,32,512,float,float,float,3,24,24,24,24,16,16,8
578,32,32,32,512,float,float,float,3,24,24,24,24,24,24,8
579,32,32,32,512,float,float,float,3,24,24,24,24,32,32,8
580,32,32,32,512,float,float,float,3,24,24,24,24,40,40,8
581,32,32,32,512,float,float,float,3,24,24,24,24,48,48,8
582,32,32,32,512,float,float,float,3,24,24,24,24,56,56,8
583,32,32,32,512,float,float,float,3,24,24,24,24,64,64,8
584,32,32,32,512,float,float,float,3,24,32,24,32,8,8,8
585,32,32,32,512,float,float,float,3,24,32,24,32,16,16,8
586,32,32,32,512,float,float,float,3,24,32,24,32,24,24,8
587,32,32,32,512,float,float,float,3,24,32,24,32,32,32,8
588,32,32,32,512,float,float,float,3,24,32,24,32,40,40,8
589,32,32,32,512,float,float,float,3,24,32,24,32,48,48,8
590,32,32,32,512,float,float,float,3,24,32,24,32,56,56,8
591,32,32,32,512,float,float,float,3,24,32,24,32,64,64,8
592,32,32,32,512,float,float,float,3,24,48,24,48,8,8,8
593,32,32,32,512,float,float,float,3,24,48,24,48,16,16,8
594,32,32,32,512,float,float,float,3,24,48,24,48,24,24,8
595,32,32,32,512,float,float,float,3,24,48,24,48,32,32,8
596,32,32,32,512,float,float,float,3,24,48,24,48,40,40,8
597,32,32,32,512,float,float,float,3,24,48,24,48,48,48,8
598,32,32,32,512,float,float,float,3,24,48,24,48,56,56,8
599,32,32,32,512,float,float,float,3,24,48,24,48,64,64,8
600,32,32,32,512,float,float,float,3,24,64,24,64,8,8,8
601,32,32,32,512,float,float,float,3,24,64,24,64,16,16,8
602,32,32,32,512,float,float,float,3,24,64,24,64,24,24,8
603,32,32,32,512,float,float,float,3,24,64,24,64,32,32,8
604,32,32,32,512,float,float,float,3,24,64,24,64,40,40,8
605,32,32,32,512,float,float,float,3,24,64,24,64,48,48,8
606,32,32,32,512,float,float,float,3,24,64,24,64,56,56,8
607,32,32,32,512,float,float,float,3,24,64,24,64,64,64,8
608,32,32,32,512,float,float,float,3,24,96,24,96,8,8,8
609,32,32,32,512,float,float,float,3,24,96,24,96,16,16,8
610,32,32,32,512,float,float,float,3,24,96,24,96,24,24,8
611,32,32,32,512,float,float,float,3,24,96,24,96,32,32,8
612,32,32,32,512,float,float,float,3,24,96,24,96,40,40,8
613,32,32,32,512,float,float,float,3,24,96,24,96,48,48,8
614,32,32,32,512,float,float,float,3,24,96,24,96,56,56,8
615,32,32,32,512,float,float,float,3,24,96,24,96,64,64,8
